{
  "br-001": {
    "x": 0.35,
    "y": 0.304,
    "w": 0.29,
    "h": 0.256
  },
  "br-002": {
    "x": 0.5,
    "y": 0.37,
    "w": 0.09,
    "h": 0.12
  },
  "br-003": {
    "x": 0.19,
    "y": 0.2,
    "w": 0.62,
    "h": 0.575
  },
  "br-004": {
    "x": 0.325,
    "y": 0.313,
    "w": 0.342,
    "h": 0.287
  },
  "br-005": {
    "x": 0.29,
    "y": 0.272,
    "w": 0.19,
    "h": 0.152
  },
  "br-006": {
    "x": 0.59,
    "y": 0.33,
    "w": 0.22,
    "h": 0.17
  },
  "br-007": {
    "x": 0.256,
    "y": 0.385,
    "w": 0.61,
    "h": 0.157
  },
  "br-008": {
    "x": 0.3101,
    "y": 0.2051,
    "w": 0.3857,
    "h": 0.5664
  },
  "lh-002": {
    "x": 0.506,
    "y": 0.53,
    "w": 0.18,
    "h": 0.158
  },
  "lh-003": {
    "x": 0.22,
    "y": 0.27,
    "w": 0.58,
    "h": 0.45
  },
  "lh-004": {
    "x": 0.23,
    "y": 0.27,
    "w": 0.54,
    "h": 0.21
  },
  "lh-005": {
    "x": 0.645,
    "y": 0.5544,
    "w": 0.058,
    "h": 0.048
  },
  "po-001": {
    "x": 0.27,
    "y": 0.32,
    "w": 0.49,
    "h": 0.27
  },
  "po-002": {
    "x": 0.283,
    "y": 0.22,
    "w": 0.435,
    "h": 0.65
  },
  "po-003": {
    "x": 0.23,
    "y": 0.36,
    "w": 0.53,
    "h": 0.31
  },
  "po-004": {
    "x": 0.293,
    "y": 0.234,
    "w": 0.41,
    "h": 0.339
  },
  "po-005": {
    "x": 0.24,
    "y": 0.566,
    "w": 0.51,
    "h": 0.266
  },
  "po-006": {
    "x": 0.33,
    "y": 0.22,
    "w": 0.34,
    "h": 0.24
  },
  "sg-001": {
    "x": 0.1758,
    "y": 0.4419,
    "w": 0.0703,
    "h": 0.0523
  },
  "sg-002": {
    "x": 0.305,
    "y": 0.203,
    "w": 0.39,
    "h": 0.277
  },
  "sg-003": {
    "x": 0.41,
    "y": 0.146,
    "w": 0.078,
    "h": 0.059
  },
  "sg-004": {
    "x": 0.63,
    "y": 0.71,
    "w": 0.18,
    "h": 0.18
  },
  "sg-005": {
    "x": 0.56966,
    "y": 0.27834,
    "w": 0.04639,
    "h": 0.03478
  },
  "sg-006": {
    "x": 0.34,
    "y": 0.26,
    "w": 0.32,
    "h": 0.47
  },
  "sg-008": {
    "x": 0.46,
    "y": 0.112,
    "w": 0.155,
    "h": 0.088
  },
  "sg-009": {
    "x": 0.446,
    "y": 0.35,
    "w": 0.141,
    "h": 0.17
  },
  "sg-010": {
    "x": 0.22,
    "y": 0.37,
    "w": 0.56,
    "h": 0.27
  },
  "sg-011": {
    "x": 0.0,
    "y": 0.0,
    "w": 0.0,
    "h": 0.0
  },
  "sg-012": {
    "x": 0.133,
    "y": 0.224,
    "w": 0.083,
    "h": 0.055
  }
}